{
  "name": "altarOfForbiddenPower",
  "UIname": "Altar of Forbidden Power",
  "DC_Perception": -1,
  "DC_Investigation": -1,
  "DC_Survival": -1,
  "DC_Arcana": -1,
  "Perc_SUCC": "",
  "Invest_SUCC": "",
  "Surv_SUCC": "",
  "Arc_SUCC": "",
  "Perc_FAIL": "You don't see anything of value",
  "Invest_FAIL": "You don't find anything helpful",
  "Surv_FAIL": "No use for this right now",
  "Arc_FAIL": "You don't sense any specific magic",
  "maxRolls": 3,
  "combatDesc": "",
  "roomDesc": "A shallow pool of water covers the floor of this small round\nchamber. Floating serenely atop the water’s surface are two large\ndark purple lotuses, whose seed pods glow faintly in the darkness.\nStanding at the center of the room is a stone statue of a fish-like\nhumanoid garbed in priestly robes, its entire surface glistening\nwith a thin blackish mucuous. Held in its outstretched webbed\nhands is a ceremonial bowl filled with a dark purplish liquid.\nAs you enter the room, a primal thought begins to throb in\nyour head persistently. The thought coalesces into a message,\na command, growing more enticing and horrible with every\nrepetition. It says, 'mix the blood. Take the power.'",
  "monsters": [],
  "events": [],
  "Shrines": ["offerFromTheDeep"],
  "connectedRooms": ["fungusRoom"],
  "connectedRoomsUI": ["Fungus Room"],
  "GroundItems": ["blackLotus","blackLotus"],
  "HiddenItems": [],
  "SecretRooms": []
}