{
  "name" : "caveHallwayA",
  "UIname": "Cave Hallway ",
  "DC_Perception" : 10,
  "DC_Investigation" : 10,
  "DC_Survival" : -1,
  "DC_Arcana" : -1,
  "Perc_SUCC" : "You spot a small trail of food crumbs, cheese, salted pork leading deeper into the cavern.",
  "Invest_SUCC" : "You spot a small trail of food crumbs, cheese, salted pork leading deeper into the cavern.",
  "Surv_SUCC" : "",
  "Arc_SUCC" : "",
  "Perc_FAIL" : "You don't see anything of value",
  "Invest_FAIL" : "You don't find anything helpful",
  "Surv_FAIL" : "No use for this right now",
  "Arc_FAIL" : "You don't sense any specific magic",
  "maxRolls" : 3,
  "combatDesc" : "A high-pitched hiss alerts you to trouble from above. On the ceiling there are eight-legged, multi-eyed rodents. They bare their needlelike teeth before leaping off the ceiling at your face!",
  "roomDesc": "",
  "monsters" : ["giantRat","giantRat","giantRat","spiderRat"],
  "events" : [],
  "Shrines" : [],
  "connectedRooms" : ["caveEntrance","storageRoom","caveHallwayB"],
  "connectedRoomsUI": ["Cave Entrance", "Storage Room","Cave Hallway B"],
  "GroundItems" : [],
  "HiddenItems" : [],
  "SecretRooms" : []
}