{
  "name": "cavernCrossroad",
  "UIname": "Cavern Crossroad",
  "DC_Perception": -1,
  "DC_Investigation": -1,
  "DC_Survival": -1,
  "DC_Arcana": -1,
  "Perc_SUCC": "",
  "Invest_SUCC": "",
  "Surv_SUCC": "",
  "Arc_SUCC": "",
  "Perc_FAIL": "You don't see anything of value",
  "Invest_FAIL": "You don't find anything helpful",
  "Surv_FAIL": "No use for this right now",
  "Arc_FAIL": "You don't sense any specific magic",
  "maxRolls": 3,
  "combatDesc": "",
  "roomDesc": "The main tunnel expands into a large chamber that divides into three more tunnels heading southwest, south, and north. A subteranean stream spills into the chamber through the northeast and continues down the southern tunnel.",
  "monsters": ["explodeyRat","explodeyRat","dragonRatBlue","laserRat"],
  "events": [],
  "Shrines": [],
  "connectedRooms": ["caveHallwayB","nTunnel","sTunnel","swTunnel"],
  "connectedRoomsUI": ["Cave Hallway B","Northern tunnel","Southern tunnel","South-western tunnel"],
  "GroundItems": [],
  "HiddenItems": ["hiddenFireGreataxe"],
  "SecretRooms": []
}