{
  "name": "caveHallwayB",
  "UIname": "Cave Hallway ",
  "DC_Perception": -1,
  "DC_Investigation": -1,
  "DC_Survival": -1,
  "DC_Arcana": -1,
  "Perc_SUCC": "",
  "Invest_SUCC": "",
  "Surv_SUCC": "",
  "Arc_SUCC": "",
  "Perc_FAIL": "You don't see anything of value",
  "Invest_FAIL": "You don't find anything helpful",
  "Surv_FAIL": "No use for this right now",
  "Arc_FAIL": "You don't sense any specific magic",
  "maxRolls": 3,
  "combatDesc": "More giant rats infest these caverns, destroy them!",
  "roomDesc": "As you go further into the cave, you hear the sound of water",
  "monsters": ["giantRat","giantRat"],
  "events": [],
  "Shrines": [],
  "connectedRooms": ["caveHallwayA","cavernCrossroad"],
  "connectedRoomsUI": ["Cave Hallway ","Cavern Crossroad"],
  "GroundItems": [],
  "HiddenItems": [],
  "SecretRooms": []
}