{
  "name": "floodedTunnel",
  "UIname": "Flooded Tunnel",
  "DC_Perception": 5,
  "DC_Investigation": -1,
  "DC_Survival": -1,
  "DC_Arcana": -1,
  "Perc_SUCC": "The stream ends at the southern point of the tunnel, dropping down an unknown distance into the darkness below.",
  "Invest_SUCC": "",
  "Surv_SUCC": "",
  "Arc_SUCC": "",
  "Perc_FAIL": "You don't see anything of value",
  "Invest_FAIL": "You don't find anything helpful",
  "Surv_FAIL": "No use for this right now",
  "Arc_FAIL": "You don't sense any specific magic",
  "maxRolls": 3,
  "combatDesc": "You hear the clattering of bones and the splash of water as mosscovered skeletons rise from the stream. Your gaze shifts from their rusted scimitars to an even stranger sight: an oily pool slithers atop the water toward you, rising to strike like a liquid snake.",
  "roomDesc": "The stream is flowing faster at this point and about 3 feet in depth. The cavern floor beneath the stream is overgrown with mossy sludge. You barely hold your ground.",
  "monsters": ["skeleton","skeleton","grayOoze"],
  "events": [],
  "Shrines": [],
  "connectedRooms": ["sTunnel"],
  "connectedRoomsUI": ["Southern Tunnel"],
  "GroundItems": [],
  "HiddenItems": [],
  "SecretRooms": []
}