{
  "name": "nTunnel",
  "UIname": "Northern Tunnel",
  "DC_Perception": -1,
  "DC_Investigation": -1,
  "DC_Survival": -1,
  "DC_Arcana": -1,
  "Perc_SUCC": "",
  "Invest_SUCC": "",
  "Surv_SUCC": "",
  "Arc_SUCC": "",
  "Perc_FAIL": "You don't see anything of value",
  "Invest_FAIL": "You don't find anything helpful",
  "Surv_FAIL": "No use for this right now",
  "Arc_FAIL": "You don't sense any specific magic",
  "maxRolls": 3,
  "combatDesc": "",
  "roomDesc": "Halfway through this tunnel, fungi is growing from the ground and they emmit a dim purple light.",
  "monsters": [],
  "events": [],
  "Shrines": [],
  "connectedRooms": ["fungusRoom","cavernCrossroad"],
  "connectedRoomsUI": ["Fungus Room", "Cavern Crossroad"],
  "GroundItems": [],
  "HiddenItems": [],
  "SecretRooms": []
}