{
  "name" : "stormsRest",
  "UIname": "Storm's Rest",
  "DC_Perception" : -1,
  "DC_Investigation" : -1,
  "DC_Survival" : -1,
  "DC_Arcana" : -1,
  "Perc_SUCC" : "",
  "Invest_SUCC" : "",
  "Surv_SUCC" : "",
  "Arc_SUCC" : "",
  "Perc_FAIL" : "You don't see anything of value",
  "Invest_FAIL" : "You don't find anything helpful",
  "Surv_FAIL" : "No use for this right now",
  "Arc_FAIL" : "You don't sense any specific magic",
  "maxRolls" : 3,
  "combatDesc" : "Disguised as stalactite's scary squid-like beings drop from the ceiling and attack you",
  "roomDesc" : "You fight trough your enemies and get to the end of the chamber, there lies a platform on top of which is a potion of some sorts emanating great power, behind it appears to be a blue dragon shrine ",
  "monsters" : ["darkmantle","darkmantle","darkmantle","darkmantle"],
  "events" : [],
  "Shrines" : ["sibirskiPlavacShrine"],
  "connectedRooms" : ["sTunnel"],
  "connectedRoomsUI": ["Southern Tunnel"],
  "GroundItems" : ["energyDrink"],
  "HiddenItems": [],
  "SecretRooms" :
  [
    
  ]
}