{
  "name": "sTunnel",
  "UIname": "Southern tunnel",
  "DC_Perception": 14,
  "DC_Investigation": -1,
  "DC_Survival": -1,
  "DC_Arcana": -1,
  "Perc_SUCC": "You notice skeletons covered in a thick layer of moss and a ooze motionless, barely indistinguishable from the wet rocks that make up the stream's floor.",
  "Invest_SUCC": "",
  "Surv_SUCC": "",
  "Arc_SUCC": "",
  "Perc_FAIL": "You don't see anything of value",
  "Invest_FAIL": "You don't find anything helpful",
  "Surv_FAIL": "No use for this right now",
  "Arc_FAIL": "You don't sense any specific magic",
  "maxRolls": 3,
  "combatDesc": "",
  "roomDesc": "A stream covers this tunnel's floor, rushing southward. A smaller, dry tunnel branches off from the main flooded tunnel. The skeletal remains of a humanoid can be spotted near the entrance.",
  "monsters": [],
  "events": [],
  "Shrines": [],
  "connectedRooms": ["stormsRest","floodedTunnel","cavernCrossroad"],
  "connectedRoomsUI": ["Storm's Rest", "Flooded Tunnel","Cavern Crossroad"],
  "GroundItems": [],
  "HiddenItems": [],
  "SecretRooms": []
}