{
  "name": "swTunnel",
  "UIname": "South-western tunnel",
  "DC_Perception": -1,
  "DC_Investigation": -1,
  "DC_Survival": -1,
  "DC_Arcana": -1,
  "Perc_SUCC": "",
  "Invest_SUCC": "",
  "Surv_SUCC": "",
  "Arc_SUCC": "",
  "Perc_FAIL": "You don't see anything of value",
  "Invest_FAIL": "You don't find anything helpful",
  "Surv_FAIL": "No use for this right now",
  "Arc_FAIL": "You don't sense any specific magic",
  "maxRolls": 3,
  "combatDesc": "Swarms of rats fill the tunnel, they notice your approach and start attacking.",
  "roomDesc": "The tunnel splits into two ways, a hallway that continues in the general direction of this tunnel and a room to the right when looking away from the crossroad.",
  "monsters": ["swarmOfRats"],
  "events": [],
  "Shrines": [],
  "connectedRooms": ["caveHallwayKL","breedingChamber","cavernCrossroad"],
  "connectedRoomsUI": ["Cave Hallway", "Breeding Chamber","Cavern Crossroad"],
  "GroundItems": ["1heal2mana"],
  "HiddenItems": [],
  "SecretRooms": []
}