{
  "name" : "theTortureChamber",
  "UIname": "The Torture Chamber",
  "DC_Perception" : -1,
  "DC_Investigation" : -1,
  "DC_Survival" : -1,
  "DC_Arcana" : -1,
  "Perc_SUCC" : "",
  "Invest_SUCC" : "",
  "Surv_SUCC" : "",
  "Arc_SUCC" : "",
  "Perc_FAIL" : "You don't see anything of value",
  "Invest_FAIL" : "You don't find anything helpful",
  "Surv_FAIL" : "No use for this right now",
  "Arc_FAIL" : "You don't sense any specific magic",
  "maxRolls" : 3,
  "combatDesc" : "At the center of this room is a table displaying an array of cruel looking metal utensils used either for torture, surgery, or both. An open wooden barrel stands by the wall filled with a bundle of crumpled clothing. Manacled to a bloodstained wall is a human, his once white silken shirt now stained brown and red with dirt and blood, the human starts transforming uncontrolably, his body now resambling a wererat, before you can react he is already free",
  "roomDesc" : "",
  "monsters" : ["wererat"],
  "events" : [],
  "Shrines" : [],
  "connectedRooms" : ["caveHallwayKL"],
  "connectedRoomsUI": ["Cave Hallway"],
  "GroundItems" : [],
  "HiddenItems": [],
  "SecretRooms" :
  [
    
  ]
}